Texto;Ementa;Vereador;Data;Nota;isUtil
"Art. I  Fica denominado Praça Sandra Hitomi Takahashi o Sistema de Recreio 01 (Quarteirão 740, Código Cartográfica 3234.6105.0001, com área de 168,00m 2 ) do loteamento Cidade Universitária Campineira, distrito Barão Geraldo, situado na Avenida Dr. Romeu Tórtima (Avenida 01) do mesmo loteamento.

Art. 2 Esta Lei entra em vigor na data de sua publicação.";DENOMINA PRAÇA SANDRA HITOMI TAKAHASHI UM SISTEMA DE RECREIO DO MUNICÍPIO DE CAMPINAS.;Carmo Luiz;43500;9;0
"Art. lº  Ficam proibidos a comercialização e o uso de espumas, serpentinas e produtos similares acondicionados em spray no município de Campinas.

§ lº A proibição de que trata o caput abrange os produtos com a denominação ""espuma de Carnaval"", ""neve de Carnaval"", ""neve artificial"", ""serpentina"", ""teia"" ou denominação similar acondicionados em sprê1y que possam entrai- em contato direto com a pele, mucosas ou olhos.

§ 2º As espumas E xpansivas de aplicação na indústria, na construção civil e em outras atividades regulamentadas ficam excluídas da proibição de que trata o caput.

Art. 2º O Poder Executivo, por meio de seus órgãos competentes, promoverá ações de fiscalização dos estabelecimentos que comercializarem o:s produtos a que se referem o caput e o § lº do art. 1º desta Lei.

Parágrafo unico. A atuação dos agentes de fiscalização poderá ocorrer independentemente de denúncia ou reclamação.

Art. 3º O descumprimento do disposto nesta Lei acarretará ao estabelecimento infrator a aplicação de multa no valor de 500 (quinhentas) Unidades Fiscais de Campinas - UFICs, que será dobrado na primeira reincidência e quadruplicado a partir da segunda reincidência, sem prejuízo das demais penalidades aplicáveis.

Parágrafo único. Será considerado reincidência o cometimento por mais de uma vez da mesma infração tipificada nesta Lei no mesmo dia ou em até trinta dias contados da primeira expedição do auto de infração.

Art. 4º	A receita da aplicação das multas será revertida para o Fundo de Recuperação, Manutenção e Preservação do Meio Ambiente - Proamb.

Art. 5º Na hipótes,e de o infrator ser vendedor ambulante, ocorrerá apenas a apreensão dos produtos a que se referem o caput e o § lº	cio art. lº desta Lei, sem preJuízo de outras sanções que couberem na forma da lei.
Art. 6º  Quando em posse de usuário, os produtos referidos no caput e no
§ lº	do art. lº	serão sumariamente apreendidos, não tendo o infrator direito a qualquer indenização nem à restituição dos produtos.

Art. 7º Esta Lei entra em vigor na data de sua publicação.";PROÍBE O COMÉRCIO E O USO DOS PRODUTOS QUE ESPECIFICA ACONDICIONADOS EM SPRAY NO MUNICÍPIO DE CAMPINAS E DÁ OUTRAS PROVIDÊNCIAS.;Luiz Rossini;43500;13;0
"Art. 1 0 Poder Executivo municipal deverá disponibilizar, por meio do site oficial da Prefeitura Municipal de Campinas, um espaço em área de fácil acesso denominado Portal de Obras Públicas, obrigatoriamente com as seguintes informações de todas as obras públicas do Município:
I	- nome da obra,
II	- classificação da obra,
III	- número da licitação correspondente à contratação da empresa responsável pela obra,
IV	- número do contrato,
V	- empresa responsável por executar a obra,
VI	- valor estimado da obra,
VII	- valor adicional da obra, se houver termo aditivo,
VIII	- situação em que se encontra a obra,
IX	- data de início da obra,
X	- data de término da obra,
XI	- prazo de prorrogação da obra, se for o caso,
XII	- especificação e valor da fonte de recursos,
XIII	- cronograma das ações que serão realizadas durante a obra,
XIV	- anexos referentes à obra,
XV	- justificativa de interrupção, paralisação ou cancelamento da obra, se for o caso.

Parágrafo único. Nos anexos deverão constar a planilha orçamentária, o contrato com a empresa responsável pela obra e os termos aditivos, caso existam.

Art. 2 As informações de que trata o art. I P deverão ser disponibilizadas sem prejuízo de outras informações que estiverem organizadas no site oficial da Prefeitura Municipal de Campinas.

Art. 3 As despesas decorrentes da execução desta Lei correrão por conta de verbas orçamentárias próprias.

Art. 4 Esta Lei entra em vigor após decorridos cento e oitenta dias de sua publicação oficial.
 
Art. Ficam revogadas as disposições em contrário.";DISPÕE SOBRE O ACESSO ÀS INFORMAÇÕES A RESPEITO DE OBRAS PÚBLICAS DO MUNICÍPIO DE CAMPINAS POR MEIO DO SITE DA PREFEITURA MUNICIPAL.;Luiz Cirilo;43500;1;1
"Art. 1 Fica denominada Praça Iracema Costa a Praça 4 (Quarteirão 7.508, Código Cartográfico 3334.64.54.0001, com área de 2.370,00m 2) do loteamento Jardim Maracanã, situada na Rua Edson Luiz Rigonatto (Rua 13), ao lado da Quadra B, no mesmo loteamento.

Art. 2 Esta Lei entra em vigor na data de sua publicação.";DENOMINA PRAÇA IRACEMA COSTA UMA PRAÇA PÚBLICA DO MUNICÍPIO DE CAMPINAS.;Carlão do PT;43500;9;0
"Art. 1 Ficam alterados os SS I P e 3 2 do art. 2 2 da Lei n? 14.789, de 4 de abril de 2014, que passa a vigorar com a seguinte redação:
""Art. 2 2 
S 1 2 0 atendimento prioritário de que trata esta Lei será oferecido em quaisquer caixas, guichês ou unidades disponíveis para o atendimento ao público em geral.
 
S 3 2 Os estabelecimentos que tenham pavimentos superiores com caixas de atendimento deverão manter atendimento prioritário em todos os caixas de cada andar,
 (NR)";ALTERA A REDAÇÃO DOS §§ 1º E 3º DO ART. 2º DA LEI Nº 14.789, DE 4 DE ABRIL DE 2014, QUE DISPÕE SOBRE ATENDIMENTO PRIORITÁRIO NO MUNICÍPIO DE CAMPINAS.;Paulo Galterio;43500;7;0
"Art. I Fica estabelecida a prioridade do pagamento dos vencimentos dos servidores públicos municipais ativos e inativos e dos pensionistas do Município de Campinas sobre o pagamento dos subsídios ou vencimentos mensais do prefeito, do vice-prefeito, dos secretários e dos subsecretários municipais.
Art. 2 As despesas com a execução desta Lei correrão por conta de dotações orçamentárias próprias, suplementadas se necessário.
Art. 3 Esta Lei entra em vigor na data de sua publicação.";DISPÕE SOBRE A PRIORIDADE DO PAGAMENTO DOS VENCIMENTOS DOS SERVIDORES MUNICIPAIS ATIVOS E INATIVOS E DOS PENSIONISTAS DO MUNICÍPIO DE CAMPINAS.;Tenente Santini;43500;5;1
"A Câmara Municipal de Campinas aprovou, e eu, Prefeito Municipal de Campinas, sanciono e promulgo a seguinte lei:
Art. 10 Fica obrigatória a aquisição de aparelhos de ultrassom para examinar árvores com riscos de queda no Município de Campinas.
Art. 20 0 Poder Executivo regulamentará a presente Lei, estabelecendo os requisitos necessários à instalação.
Art. 30 Esta Lei entra em vigor na data de sua publicação.";DISPÕE SOBRE A OBRIGATORIEDADE DE APARELHOS DE ULTRASSOM PARA EXAMINAR ÁRVORES COM RISCOS DE QUEDA NO MUNICÍPIO, E DÁ OUTRAS PROVIDÊNCIAS.;Carmo Luiz;43500;6;0
"Art. 1 Fica alterado o caput do art. 19-B da Lei n? 11.111, de 26 de dezembro de 2001, que passa a vigorar corri a seguinte redação:
""Art. 19-B A diferença nominal, a maior, entre o crédito tributário total do IPTU do exercício do lançamento e o do exercício anterior, em quantidade de UFICs, fica limitada a 30% (trinta por cento) para fatos geradores ocorridos no exercício de 2018 e a 10% (dez por cento) para fatos geradores ocorridos no exercício de 2019.
 
Art. 2 As despesas decorrentes da execução desta Lei correrão por conta de dotações orçamentárias próprias, suplementadas se necessário.
Art. 3 Esta Lei entra em vigor na data de sua publicação.
Art. 4 Ficam revogadas as disposições em contrário.";ALTERA DISPOSITIVO DA LEI Nº 11.111, DE 26 DE DEZEMBRO DE 2001, QUE “DISPÕE SOBRE O IMPOSTO SOBRE A PROPRIEDADE PREDIAL E TERRITORIAL URBANA – IPTU, E DÁ OUTRAS PROVIDÊNCIAS”.;Zé Carlos, Gilberto Vermelho, Nelson Hossri;43500;1;1
"Art. I Fica determinada a implantação do Ambulatório Veterinário Móvel para cães e gatos, o qual realizará seu atendimento de forma itinerante por todos os bairros do município, conforme a demanda de cada região.
Parágrafo único. O serviço deverá ser prestado por meio de ônibus ou micro-ônibus adaptado para finalidades médicas.
Art. 2 0 Ambulatório Veterinário Móvel, além de outros serviços estabelecidos pelo Departamento de Proteção e Bem-Estar Animal, deverá ofertar:
I	- consultas,
II	- vacinação,
III	- vermifugação,
IV	- tratamentos preventivos,
V	- procedimentos simples,
VI	- orientação aos proprietários sobre os cuidados básicos com os animais.
Parágrafo único. Após consulta, caso o animal necessite de atendimento especializado ou de serviço não ofertado pelo Ambulatório Veterinário Móvel, o veterinário responsável orientará o proprietário do animal sobre o tratamento que deverá ser realizado e onde este pode ser encontrado.
Art. 3 A estrutura de atendimento, a forma de agendamento e outras especificações necessárias à realização do serviço serão determinadas pelo Departamento de Proteção e Bem-Estar Animal.
Art. 4 As despesas decorrentes da execução desta Lei correrão por conta de dotações
orçamentárias próprias, suplementadas se necessário.
Art. 5 Esta Lei entra em vigor na data de sua publicação.
Art. 6 Ficam revogadas as disposições em contrário";DETERMINA A IMPLANTAÇÃO DO AMBULATÓRIO VETERINÁRIO MÓVEL PARA CÃES E GATOS NO MUNICÍPIO DE CAMPINAS.;Permínio Monteiro;43500;6;0
"Art. 10 Fica implantado o Programa ""Bueiro Inteligente"", que objetiva a prevenção cle enchentes no município de Campinas-SP.
S 10 0 Bueiro Inteligente é composto de duas partes:
 eco filtro instalado no interior dos bueiros, confeccionado com material termoplástico com capacidade de 300 (trezentos) litros que age como uma peneirei, permitindo que a água passe, retendo os materiais sólidos, e
II — software para identificar e gerenciar a situação dos bueiros e bocas de lobo.
Art. 20 A critério da Administração Municipal, o Programa ""Bueiro Inteligente"" poderá ser implantado em todo o município, podendo o Poder Executivo realizar os procedimentos licitatórios que entender adequados e, ainda, firmar convênios corn entidades e órgãos ambientais em nível federal e estadual, objetivando a captação de recursos para a implantação dos bueiros inteligentes tratados nesta lei.
Art. 3 0 As despesas decorrentes desta lei correrão por conta de dotações orçamentárias próprias, suplementadas se necessário.
Art. 40 Esta Lei entra em vigor na data de sua publicação.";"DISPÕE SOBRE A IMPLANTAÇÃO DO PROGRAMA ""BUEIRO INTELIGENTE"" PARA PREVENÇÃO DE ENCHENTES NO MUNICÍPIO DE CAMPIAS E DÁ OUTRAS PROVIDÊNCIAS.";Marcelo Silva;43500;6;0
"A Câmara Municipal aprovou, e Eu, Prefeito Municipal de Campinas sanciono e promulgo a seguinte Lei:
Art. 1 - Fica estabelecido desconto de cinquenta por cento no valor do Imposto sobre a Propriedade Predial e Territorial Urbana - IPT U aos imóveis edificados atingidos por enchentes, inundações e alagamentos causados pela chuva, no município de Campinas.
Art. 2 - Considera-se imóveis atingidos por enchentes, inundações elou alagamentos aqueles edificados que sofreram danos físicos, nas instalações elétricas e hidráulicas, em decorrência da invasão irresistível da água, cerceando o direito de ir e vir dos moradores, além dos danos causados aos móveis e eletrodomésticos da residência atingida.
Art. 3 - O benefício, de acordo com a proposta, valerá para os imóveis legalizados, construído dentro dos parâmetros legais respeitando as normas exigidas.
Arta 4 - O desconto será concedido em relação ao imposto devido no ano/exercício seguinte ao da ocorrência dos prejuízos decorrentes das enchentes, inundações elou alagamentos.
I	- o desconto será apenas sobre o imposto e não sobre seus acessórios,
II	- O desconto no IPT U não se acumula com os demais descontos ou isenções concedidos pela Lei 11.111, de 26 de dezembro de 2001.
 
Art. 5 - O desconto do IPTU será concedido mediante requerimento do interessado, devidamente instruído pelas provas que confirmam o dano e dirigido à Secretaria Municipal de Finanças, para efetiva avaliação.
I	- São considerados como provas para instrução do pedido, laudos da Defesa Civil, fotos datadas e que comprovem o ambiente, Boletim de Ocorrência, Notícias veiculares por meio impressos e eletrônicos, declaração expressa de danos e demais documentos que se fazerem necessários.
II	- O requerimento, que trata a presente Lei deverá ser respondido com a decisão concessiva ou denegatória, com base nos fundamentos probatórios apresentados,
III	- O requerimento será individual para cada situação, respeitando o prazo de 60 (sessenta dias) para ser protocolado, após o evento danoso.
IV	- Na hipótese do evento danoso ocorrer mais de uma vez durante o mesmo ano, o desconto não será cumulativo.
Art. 6 - As despesas decorrentes para a execução desta Lei correrão por conta de dotações orçamentárias próprias, suplementadas, se necessário.
Art. 7 - Esta Lei entra em vigor no exercício seguinte ao da data de sua publicação.";DISPÕE SOBRE A CONCESSÃO DE DESCONTO NO VALOR DO IMPOSTO SOBRE A PROPRIEDADE PREDIAL E TERRITORIAL URBANA -IPTU DE IMÓVEIS EDIFICADOS ATINGIDOS POR ENCHENTES, INUNDAÇÕES E ALAGAMENTOS CAUSADOS PELA CHUVA NO MUNICÍPIO DE CAMPINAS.;Rubens Gás;43500;7;0
"Art. 1 Fica permitido o ingresso de animais domésticos e de estimação nos hospitais privados, públicos, contratados, conveniados e cadastrados no Sistema Único de Saúde (SUS), na cidade de Campinas, para permanecerem, por período pré-determinado e sob condições prévias, para a visitação de pacientes internados, respeitando os critérios definidos pelos estabelecimentos.
Parágrafo único Para os efeitos desta Lei, considera-se animal doméstico e de estimação todos os tipos de animais que possam entrar em contato com os humanos sem proporcionar-lhes perigo. Além daqueles utilizados na Terapia Assistida de Animais (TAA) como cães, gatos, pássaros, coelhos, chinchilas, tartarugas, hamsters, outras espécies devem passar pela avaliação do médico responsável pelo paciente, que avaliará de acordo com o quadro clínico do mesmo.
Art. 2 0 ingresso de animais para visitar pacientes internados deverá ser agendado junto à administração do hospital, respeitar os critérios estabelecidos pela instituição e observar os dispositivos desta Lei.
S 10 0 ingresso de animais de que trata o caput somente poderá ocorrer quando ern companhia de algum familiar do visitado ou de pessoa que esteja acostumada a manejar o animal.
S o transporte dos animais dentro do ambiente hospitalar deverá ser realizado ern caixas de transporte, de acordo com o tamanho e a espécie de cada animal visitante, ressalvado o caso de cães de grande porte.
Art 3 0 ingresso de animais não será permitido nos seguintes setores hospitalares:
l- de isolamento, II - de quimioterapia,
Ill- de transplante,
IV	- de assistência a pacientes vítimas de queimadura,
V	- na central de material e esterilização,
VI	- de unidade de tratamento intensivo — U TI,
VII- nas áreas de preparo de medicamentos,
VIII	— na farmácia hospitalar,
IX	— nas áreas de manipulação processamento, preparação e armazenamento de alimentos.
 
Parágrafo único O ingresso também poderá ser impedido em casos especiais, por determinação da autoridade máxima do órgão.
Art 4 a permissão de entrada de animais nos hospitais deverá observar as seguintes regras estabelecidas pela Organização Mundial da Saúde — OMS:
I	- verificação de espécie animal a ser autorizada,
II	- autorização expressa para a visitação expedida pelo médico do paciente internado,
 - laudo veterinário atestando as boas condições de saúde do animal, acompanhado da carteira de vacinação atualizada, com a anotação da vacinação múltipla e antirrábica, assinada por médico veterinário com registro no órgão regulador da profissão,
IV-	Comissão de Controle de Infecção Hospitalar dos serviços de saúde,
V-	no caso de caninos, equipamento de guia do animal, composto por coleira (preferencialmente do tipo peiteira) e, quando necessário, enforcador.
VI — determinação de um local específico dentro do ambiente hospitalar para o encontro entre o paciente internado e o animal de estimação, podendo ser no próprio quarto de internação, sala de estar específica ou, no caso de cães de grande porte, no jardim interno, se o estabelecimento dispuser deste espaço.
Parágrafo único A mencionada autorização do inciso II do caput deste artigo será exigida apenas para a primeira visita, devendo ser renovada sempre que houver alguma alteração no quadro de saúde do paciente internado.
Art. 5 Para o atendimento aos pacientes que desejarem usufruir do benefício de que trata esta Lei, os estabelecimentos mencionados no art. 10 e o Poder Executivo Municipal poderão celebrar convênios com profissionais habilitados, hospitais veterinários, organizações não governamentais, e outros estabelecimentos congêneres, inclusive com o Poder Público Estadual.
Art 6 Esta Lei entra em vigor na data da sua publicação.";DISPÕE SOBRE O INGRESSO DE ANIMAIS DOMÉSTICOS E DE ESTIMAÇÃO EM HOSPITAIS PÚBLICOS PARA VISITAS A PACIENTES INTERNADOS, E DÁ OUTRAS PROVIDÊNCIAS.;Paulo Galterio;43500;7;0
"Art. I Ficam acrescidos SS I P e 2 2 ao art. 12-C da Lei n? 13.104, de 17 de outubro de 2007, que passa a vigorar com a seguinte redação:
""Art. 12-C. 
S I Os documentos digitalizados juntados aos autos por advogados privados têm a mesma força probante dos originais, ressalvada alegação motivada e fundamentada de adulteração antes ou durante a tramitação do processo.
S 2 A autenticação de cópias de documentos físicos exigidos na forma da lei poderá ser feita pelo órgão administrativo ou pelo advogado constituído nos autos."" (NR)
Art. 2 As despesas decorrentes desta Lei correrão por conta de dotações orçamentárias próprias, suplementadas se necessário.
Art. 3 Esta Lei entra em vigor na data de sua publicação.";INCLUI PARÁGRAFOS AO ART. 12-C DA LEI Nº 13.104, DE 17 DE OUTUBRO DE 2007, QUE “DISPÕE SOBRE O PROCEDIMENTO E O PROCESSO ADMINISTRATIVO TRIBUTÁRIO MUNICIPAL, E DÁ OUTRAS PROVIDÊNCIAS”.;Marcelo Silva;43500;3;1
"Art. 1 Os estabelecimentos comerciais situados no município de Campinas ficam proibidos de fazer a conferência de mercadorias após o pagamento ter sido efetuado pelo consumidor e elas terem sido liberadas nos caixas do estabelecimento.
Art. 2 0 descumprimento do disposto no art. 1 2 desta Lei constitui infração à Lei n? 8.078, de 11 de setembro de 1990 — Código de Defesa do Consumidor.
Parágrafo único. O estabelecimento infrator fica sujeito às sanções administrativas dispostas nos incisos e no parágrafo único do art. 56 da Lei 8.078, de 1990, sem prejuízo das ações de natureza civil, penal e das definidas em normas específicas.
Art. 3 As despesas com a execução desta Lei correrão por conta de dotações orçamentárias próprias.
Art. 4 Esta Lei entra em vigor na data de sua publicação.
Art. 5 Ficam revogadas as disposições em contrário.";PROÍBE OS ESTABELECIMENTOS COMERCIAIS SITUADOS NO MUNICÍPIO DE CAMPINAS DE FAZER CONFERÊNCIA DE MERCADORIAS APÓS O PAGAMENTO TER SIDO EFETUADO PELO CONSUMIDOR E DÁ OUTRAS PROVIDÊNCIAS.;Luiz Cirilo;43500;13;0
ESTE PROJETO DE LEI ORDINÁRIA PASSOU A TRAMITAR COMO PROJETO DE LEI COMPLEMENTAR N° 47/2021.;"INSTITUI O PROGRAMA ""MAIS ÁRVORES, MAIS QUALIDADE DE VIDA"" NO MUNICÍPIO DE CAMPINAS E DÁ OUTRAS PROVIDÊNCIAS.";Luiz Rossini;43500;12;0
"Art. 1 Fica alterado os inciso I a III do S 10 do art. 19 da Lei Municipal
11.111/2001, que passa a vigorar com a seguinte redação:
Art. 19.  
""l - valor venal de zero a trinta mil UFIC's, alíquota de 0,4096,
II	- valor venal de trinta mil e uma a cento e cinquenta rnil UFIC's, alíquota de 0,60%,
III	- valor venal acima de cento e cinquenta rnil e urna UFIC's, alíquota de 0,70%"" (NR)  
Art. 2 Fica alterado os inciso I ao V do S 20 do art. 19 da Lei Municipal
11.111/2001, que passa a vigorar com a seguinte redação:
Art. 19. (...)
s 10. (...)
S 20 . 
-  
 ""l - valor venal de zero a cem mil UFIC's, alíquota de 1,10%,
II	- valor venal de cem mil e uma a duzentas mil UFIC's, alíquota de 1,30%,
III	- valor venal de duzentas mil e uma a quatrocentas n-lil
UFIC's, alíquota de 1,50%,
IV	- valor venal acima de quatrocentas mil e uma UFIC's, alíquota de 1,80%."" (NR)
Art. 3 Fica alterado o S 30 do art. 19 da Lei Municipal 11.111/2001, que passa a vigorar com a seguinte redação:
Art. 19. (...)
 s 20 
""S 3 Para os imóveis territoriais, será aplicada a alíquota de
2,00%"" (NR)
Art. 4 Fica alterado o caput do art. 19-B da Lei no 11.111/2001, que passa a
vigorar com a seguinte redação.
""Art. 19-B. A diferença nominal, a maior, entre o crédito tributário total do IP TU do ano de 2018 e do exercício anterior, em quantidade de UFIC's, fica limitada a trinta por cento, sendo mantido esse limitador para os exercícios subsequentes até o ano de 2024 mesmo que ocorra atualização da Planta Genérica de Valores nos moldes previstos no art. 16-A."" (NR)
Art. 5 Fica revogado o S 1 0 do art. 19-B da Lei 11.111/2001.
Art. 6 As despesas decorrentes desta Lei correrão por dotação orçamentáriia própria, suplementada se necessária.
Art. 7 Esta Lei entra em vigor na data de sua publicação.";ALTERA OS INCISOS I A II DO § 1º DO ART. 19, OS INCISOS I A IV DO § 2º DO ART. 19, O § 3º DO ART. 19, O CAPUT DO ART. 19-B E REVOGA O § 1º DO ART. 19-B, TODOS DA LEI MUNICIPAL Nº 11.111, DE 26 DE DEZEMBRO DE 2001, QUE DISPÕE SOBRE O IMPOSTO SOBRE A PROPRIEDADE PREDIAL E TERRITORIAL URBANA - IPTU, E DÁ OUTRAS PROVIDÊNCIAS.;Tenente Santini, Marcelo Silva, Nelson Hossri;43500;5;1
"Art. 1 Ficam os Hospitais, Unidades de Básicas de Saúde e demais Unidades dC2 Saúde e ambulatórios de Campinas, obrigados a divulgar, em local visível e de fácil acesso ao público, especialmente, nas entradas principais dos pacientes, relação com nome completo dos médicos e equipe plantonistas e do responsável pelo plantão.
Art. 2 Na relação, deverão constar o nome dos médicos, enfermeiros, técnicos enl enfermagem e odontólogos plantonistas, registro profissional, especialidade, bem como nome dos responsáveis administrativos e dos médicos que respondem pela chefia do plantão, além dos dias e horários dos plantões (entrada e saída).
Art. 3 Esta Lei entra em vigor na data de sua publicação";DISPÕE SOBRE A OBRIGATORIEDADE DOS HOSPITAIS, UNIDADES BÁSICAS DE SAÚDE E DEMAIS UNIDADES DE SAÚDE E AMBULATÓRIOS, DE AFIXAR EM LUGAR VISÍVEL E ACESSÍVEL AO PÚBLICO A LISTA DOS MÉDICOS PLANTONISTAS EM CAMPINAS, E DÁ OUTRAS PROVIDÊNCIAS.;Paulo Galterio;43500;11;0
"Art. 1 Fica denominada Rua Antonio Teruya a Rua 05 do loteamento Jardim Aruã, no distrito de Barão Geraldo, com início na Avenida Albino José Barbosa de Oliveira e término na divisa do loteamento junto ao Lote OI da Quadra A (Quarteirão 567).
Art. 2 Esta Lei entra em vigor na data de sua publicação.";DENOMINA RUA ANTONIO TERUYA UMA VIA PÚBLICA DO MUNICÍPIO DE CAMPINAS.;Carmo Luiz;43500;9;0
"Art. 1 Fica denominada Rua Vitalino Alexandre dos Santos a Rua 12 do loteamento Jardim Campo Belo — 2 a parte, com início na Rua Folia de Reis (Rua 01) e término na divisa do loteamento.
Art. 2 Esta Lei entra em vigor na data de sua publicação.";DENOMINA RUA VITALINO ALEXANDRE DOS SANTOS UMA VIA PÚBLICA DO MUNICÍPIO DE CAMPINAS.;Carmo Luiz;43500;9;0
"Art. 1 Fica denominada Praça Jacira Guedes Pinto Alberto a Praça 02 (Quarteirão 11.043, Código Cartográfico 4311.5489.0137, com área de 9.520,15m 2) do loteamento Parque das Hortências, situada entre a Rua Therezinha Bufarah Bissoto (Rua 02), a Rua Rosa Aburad Khouri (Rua 01), a Rua Maria da Conceição dos Santos (Rua 05) e a divisa do loteamento.
Art. 2 Esta Lei entra em vigor na data de sua publicação.";DENOMINA PRAÇA JACIRA GUEDES PINTO ALBERTO UMA PRAÇA PÚBLICA DO MUNICÍPIO DE CAMPINAS.;Marcos Bernardelli;43500;9;0
"Art. 1 Fica denominada Rua José Pinto da Silva a Rua 04 do loteamento Parque Industrial Lisboa, com início na Rua Horácio Coutinho dos Santos (Rua 02) e término na divisa com o loteamento Chácaras São Francisco do Aeroporto.
Art. 2 Esta Lei entra em vigor na data de sua publicação.";DENOMINA RUA JOSÉ PINTO DA SILVA UMA VIA PÚBLICA DO MUNICÍPIO DE CAMPINAS.;Luiz Rossini;43500;9;0
"Art. 1 Fica denominado Centro de Saúde Acylino de Souza Santos o centro de saúde localizado no bairro Jardim São José.
Art. 2 Esta Lei entra em vigor na data de sua publicação.";DENOMINA CENTRO DE SAÚDE ACYLINO DE SOUZA SANTOS UM CENTRO DE SAÚDE DO MUNICÍPIO DE CAMPINAS.;Carlão do PT, Filipe Marchesi;43500;9;0
"Art. 1 Fica denominado Centro de Saúde Zenir Thiélfalo o centro de saúde do bairro Vila Rica, localizado na Rua Manganês, no 126 
Art. 2 Esta Lei entra em vigor na data de sua publicação.";DENOMINA CENTRO DE SAÚDE ZENIR THIÉLFALO UM CENTRO DE SAÚDE DO MUNICÍPIO DE CAMPINAS.;Paulo Galterio;43500;9;0
"Art. 1 Esta lei tem por objetivo implantar postos de coletas (Totens)de lixo toxico, em Supermercados e Hipermercados me Campinas.
Art. 2 Denomina-se lixo toxico domiciliar óleos de origem animal e vegetal.
Parágrafo Unico: Será permitida a entrega do produto em garrafas Pet's.
Art. 3 A remoção e destinação do material coletado ficará sob a responsabilidade da Prefeitura Municipal de Campinas, Podendo ser autorizada a remoção através de ONGS, Cooperativas e empresas especializadas que tenham em seu estatuto tal finalidade especifica: devidamente cadastradas junto a Secretaria de Meio Ambiente.
Art. 4 O não cumprimento desta lei sujeitará ao infrator às seguintes penalidades.
l. Multa de 500 (quinhentas) a 1000 (mil) Ufic's — Unidades Fiscais do Município de Campinas.
II. Multa diária de 200 (duzentas) Ufic's — Unidades Fiscais do Município de Campinas e adequação a Lei.
Art. 5 O Poder Executivo Municipal regulamentará está lei no prazo de 60 (sessenta) dias , contando a partir da data de publicação, revogada as disposições em contrário.";DISPÕE SOBRE A OBRIGATORIEDADE DE IMPLANTAÇÃO DE POSTOS DE COLETA DE ÓLEO DE COZINHA EM SUPERMERCADOS E HIPERMERCADOS DO MUNICÍPIO DE CAMPINAS E DÁ OUTRAS PROVIDÊNCIAS.;Cidão Santos;43500;6;0
"Art. 1 Ficam as agências bancárias estabelecidas no município de Campinas, obrigadas a instalar equipamentos de escaneamento corporal na entrada de seus prédios, em substituição aos detectores de metal.
Parágrafo único: Os equipamentos de escaneamento corporal de que trata. o caput deste artigo deverão funcionar com captação de radiação não ionizante gerada naturalmente pelo corpo humano, sendo vedada a utilização de equipamentos emissores de raio x ou radiações de qualquer espécie, respeitadas as normas federais.
Art. 2 As agências bancárias que infringirem os dispositivos contidos nesta lei ficarão sujeitas às seguintes penalidades.
l. Advertência, na primeira autuação, com notificação à agencia bancária para que efetue a adequação ao disposto nesta lei em até 30 (trinta) dias,
II. Multa, na segunda autuação, no valor de 5.000 (cinco mil) UFICs — Unidade Fiscais de Campinas.
Parágrafo Único: Se até 30 (trinta) dias após a aplicação da multa não houver a regularização da situação, será aplicada multa diária de 1.000 (mil) UFICs até adequação da agência bancária a esta lei .
Art. 3 As agências bancárias terão o prazo de 180 (cento e oitenta) dias para se adequarem à determinação desta lei.
Art. 4 . Está Lei entrará em vigor na data de sua publicação, revogadas as disposições em contrário.";DISPÕE NO ÂMBITO DO MUNICÍPIO DE CAMPINAS, SOBRE A OBRIGATORIEDADE DE AS AGÊNCIAS BANCÁRIAS INSTALAREM MÁQUINAS DE ESCANEAMENTO CORPORAL NA ENTRADA DE SEUS PRÉDIOS, EM SUBSTITUIÇÃO AOS DETECTORES DE METAL E DÁ OUTRAS PROVIDÊNCIAS.;Cidão Santos;43500;6;0
"Art. 1 Fica declarada órgão de utilidade pública municipal a Associação de Promotoras Legais Populares Cida da Terra de Campinas e Região.
Art. 2 Esta Lei entra em vigor na data de sua publicação";DECLARA ÓRGÃO DE UTILIDADE PÚBLICA MUNICIPAL A ASSOCIAÇÃO DE PROMOTORAS LEGAIS POPULARES CIDA DA TERRA DE CAMPINAS E REGIÃO.;Mariana Conti;43500;7;0
"Art. I Antes de encaminharem o nome de consumidor inadimplente para registro de negativação por empresas que mantêm banco de dados de consumidores para proteção ao crédito, as lojas, agências bancárias e empresas que protegem o crédito ficam obrigadas a notificar ao consumidor, por meio de duas cartas registradas, a negativação em sistema no prazo de trinta dias.
S 1 As cartas registradas devem ser enviadas no período de trinta dias ao consumidor inadimplente.
S 2 Somente após ciência do consumidor inadimplente, as lojas, agências bancárias e empresas que protegem o crédito deverão encaminhar o nome deste para registro de negativação.
Art. 2 As lojas, agências bancárias e empresas que protegem o crédito ficam obrigadas a excluir do banco de dados a negativação do nome do consumidor no prazo máximo de cinco dias úteis após a comprovação de quitação do débito,
Art. 3 0 descumprimento desta Lei sujeitará o infrator às seguintes penalidades:
I	- multa de 5.000 (cinco mil) Unidades Fiscais de Campinas — UFICs,
II	- multa diária de 3.000 (três mil) UFICs até a adequação à Lei.
Art. 4 0 Poder Executivo municipal regulamentará esta Lei no prazo de sessenta dias contados a partir da data de sua publicação.
Art. 5 Ficam revogadas as disposições em contrário.";DISPÕE SOBRE A OBRIGATORIEDADE DE AS EMPRESAS CREDORAS NOTIFICAREM SEUS CONSUMIDORES INADIMPLENTES POR MEIO DE CARTAS REGISTRADAS ANTES DA NEGATIVAÇÃO E DÁ OUTRAS PROVIDÊNCIAS.;Cidão Santos;43500;6;0
"Art. 1 Fica concedido desconto de vinte e cinco por cento no pagamento do Imposto Predial e Territorial Urbano (IPT U), relativo aos imóveis onde há ponto de ônibus, defronte a calçada.
S 1 — Serão beneficiados pelo desconto de que trata o ""caput"" deste artigo os imóveis onde há ponto de ônibus, defronte sua calçada.
S 2 — Estão incluídos do disposto do ""caput"" deste artigo tanto imóveis, comerciais como residenciais, que são prejudicados com a fixação do ponto de ônibus, defronte a sua calçada.
S 3 — No caso de mudança ou alteração do local de ponto de ônibus, o benefício será suspenso, contemplando-se os contribuintes com imóveis localizados no novo local, sempre observando o disposto nos SS 10 e 20 .
Art. 2 —A Prefeitura Municipal, independente de pedido do contribuinte, deverá proceder ao desconto à época do lançamento do imposto.
Art. 3 — Esta Lei entra em vigor na data da sua publicação.";DISPÕE SOBRE O DESCONTO DE VINTE POR CENTO NO PAGAMENTO DO IMPOSTO PREDIAL E TERRITORIAL URBANO (IPTU), RELATIVO AOS IMÓVEIS ONDE HÁ PONTO DE ÔNIBUS DEFRONTE.;Carlão do PT;43500;7;0
"Art. 1 Fica denominado Praça Benedito Carlos Martins o Sistema de Lazer 02 (Quarteirão 17.039, Código Cartográfico 3413.2420.0526, com área de 1.109,03m 2) do loteamento Residencial Jardim Irene, situado entre a Rua 02 e a Área Verde 2, no mesmo loteamento.
Art. 2 Esta Lei entra em vigor na data de sua publicação.";DENOMINA PRAÇA BENEDITO CARLOS MARTINS UM SISTEMA DE LAZER DO MUNICÍPIO DE CAMPINAS.;Jorge Schneider;43502;9;0
"Art. 1 Fica denominada Rua Osvualte Darri a Rua 06 do loteamento Residencial Villa Garden, com início na Rua Francisco Antonio Pinto (prolongamento da Rua 14 do Parque Industrial) e término na Avenida 01 do mesmo loteamento.
Art. 2 Esta Lei entra em vigor na data de sua publicação.";DENOMINA RUA OSVUALTE DARRI UMA VIA PÚBLICA DO MUNICÍPIO DE CAMPINAS.;Zé Carlos;43502;9;0
"Art. I Fica assegurada à criança e ao adolescente cujo pai, mãe ou responsável seja pessoa com deficiência ou com idade igual ou superior a sessenta anos a prioridade de vaga na unidade da rede pública municipal de ensino mais próxima de sua residência.
I  Para o fim do disposto no caput deste artigo, a pessoa com deficiência ou com idade igual ou superior a sessenta anos deverá solicitar o cadastramento diretamente às unidades da rede pública municipal de ensino que sejam de interesse da família, mediante apresentação de:
I	- documento de identificação da criança ou do adolescente,
II	- documento do pai, mãe ou responsável que ateste a condição de pessoa com deficiência ou a idade superior a sessenta anos, e
III	- comprovante de residência.
S 2 No caso de o responsável não ser um dos pais da criança ou do adolescente, será necessário apresentar certidão que comprove sua guarda.
Art. 2 As despesas decorrentes da implantação desta Lei correrão por conta de dotações orçamentárias próprias, suplementadas se necessário.
Art. 3 Esta Lei entra em vigor na data de sua publicação.";ASSEGURA À CRIANÇA E AO ADOLESCENTE CUJO PAI, MÃE OU RESPONSÁVEL SEJA PESSOA COM DEFICIÊNCIA OU COM IDADE IGUAL OU SUPERIOR A SESSENTA ANOS PRIORIDADE DE VAGA NA UNIDADE DA REDE PÚBLICA MUNICIPAL DE ENSINO MAIS PRÓXIMA DE SUA RESIDÊNCIA.;Carmo Luiz;43502;7;0
O PROJETO DE LEI PASSOU A TRAMITAR COMO PROJETO DE LEI COMPLEMENTAR N° 68/19.;PROÍBE A CONSTRUÇÃO DE BARRAGENS CUJA OPERAÇÃO TENHA QUALQUER ABRANGÊNCIA NO TERRITÓRIO DE CAMPINAS SEM A APRESENTAÇÃO DE PLANO DE SEGURANÇA DE BARRAGENS.;Mariana Conti;43502;2;1
"A Câmara Municipal aprovou e eu, Prefeito do Município de Campinas, sanciono e promulgo a seguinte lei:
Art. 1 Fica revogada a Lei no 12.116, de 15 de outubro de 2004.
Art. 2 Esta Lei entra em vigor na data de sua publicação.
Art. 3 Ficam revogadas as disposições em contrário";"DISPÕE SOBRE A REVOGAÇÃO DA LEI Nº 12.116, DE 15 DE OUTUBRO DE 2004, QUE ""DISPÕE SOBRE A OBRIGATORIEDADE DE ESTABELECIMENTO COMERCIAL MANTER EXEMPLAR DO CÓDIGO DE PROTEÇÃO E DEFESA DO CONSUMIDOR DISPONÍVEL PARA CONSULTA.";Prefeito Municipal;43509;2;1
"A Câmara Municipal aprovou e eu, Prefeito do Município de Campinas, sanciono e promulgo a seguinte Lei:
Art. 1 Fica revogada a Lei no 7.181 de 09 de outubro de 1992.
Art. 2 Esta Lei entra em vigor na data de sua publicação";"REVOGA A LEI Nº 7.181, DE 09 DE OUTUBRO DE 1992, QUE ""DISPÕE SOBRE A PROIBIÇÃO DE INSTALAÇÃO DE ABRIGOS DE ÔNIBUS E DÁ OUTRAS PROVIDÊNCIAS.";Prefeito Municipal;43509;2;1
"Art. I O Poder Executivo Municipal estabelecerá número telefônico exclusivo para atendimento dos serviços Castramóvel e Samu Animal.
Parágrafo único. O número telefônico a que se refere o caput ficará disponível para a população realizar denúncias e agendamentos e receber esclarecimentos de dúvidas e outras comunicações referentes ao Castramóvel e ao Samu Animal.
Art. 2 0 número telefônico 156, administrado pela Prefeitura, deixará de atender aos serviços referidos no parágrafo único do art. 1 2 desta Lei após a fixação e divulgação do número telefônico exclusivo de atendimento dos serviços Castramóvel e Samu Animal.
Art. 3 As despesas decorrentes da execução desta Lei correrão por conta de dotações orçamentárias próprias.
Art. 4 Esta Lei entra em vigor na data de sua publicação.
Art. 5 Ficam revogadas as disposições em contrário.";DETERMINA QUE SEJA ESTABELECIDO NÚMERO TELEFÔNICO EXCLUSIVO PARA ATENDIMENTO DOS SERVIÇOS CASTRAMÓVEL E SAMU ANIMAL.;Permínio Monteiro;43509;14;0
"Art. 1 Para garantia da proteção e do bem estar dos animais que vivem na rua, fica obrigada a instalação de dormitórios, bebedouros e comedouros públicos nas ruas do município.
S1 A construção dos dormitórios, dos comedouros e bebedouros públicos, bem como o seu abastecimento, não será de responsabilidade do órgão público municipal, devendo ser realizada pela comunidade, instituições públicas ou privadas ou por pessoas físicas comprometidas com a causa animal,
S2 Caberá a comunidade de onde estão localizados os dormitórios, comedouros e bebedouros públicos zelar pela sua conservação e higiene, ficando sujeito a fiscalização do órgão municipal responsável.
Artigo 2 Para confecção dos dormitórios, comedouros e bebedouros públicos poderão ser firmadas parcerias, levando o projeto para escolas, presídios, instituições de recuperação de jovens, sejam elas públicas ou privadas.
Artigo 3 Além das parcerias mencionadas no artigo anterior poderão ser realizadas campanhas para a arrecadação de materiais para confecção dos dormitórios, bebedouros e comedouros públicos, bem como, para arrecadação de ração para o abastecimento dos comedouros.
Artigo 4 É proibido retirar os dormitórios, bebedouros e comedouros públicos sem autorização do órgão municipal responsável, exceto para limpeza desde que seja feita devolução imediata.
Artigo 5 A danificação total ou parcial dos dormitórios, bebedouros e comedouros públicos será punida com multa de 500 UFICs (Unidades Fiscais de Campinas), sen do o valor revertido para a causa animal.
Parágrafo Único: Caso a pessoa responsável pela danificação não possua condições de pagar o valor da multa, poderá ser voluntaria na construção de novos bebedouros, comedouros e dormitórios públicos ou na higienização dos mesmos.
Artigo 6 As determinações contidas no artigo anterior deverão ser aplicadas e fiscalizadas pelo órgão municipal responsável.
Artigo 7 0 Poder Executivo complementará esta Lei no que for necessário.
Artigo 8 Esta Lei entra em vigor na data de sua publicação.";DISPÕE SOBRE A OBRIGATORIEDADE DA COLOCAÇÃO DE DORMITÓRIOS, COMEDOUROS E BEBEDOUROS PARA ANIMAIS DE RUA NO MUNICÍPIO DE CAMPINAS E DÁ OUTRAS PROVIDÊNCIAS.;Carmo Luiz;43509;14;0
"Art. 1 0 Fica denominado Centro de Educação Infantil Pastor Billy Graham o centro de educação infantil situado na Rua Juvenal de Oliveira, no 45, no bairro Jardim São Domingos.
Art. 20 Esta Lei entra em vigor na data de sua publicação.";DENOMINA CENTRO DE EDUCAÇÃO INFANTIL PASTOR BILLY GRAHAM UM CENTRO DE EDUCAÇÃO INFANTIL DO MUNICÍPIO DE CAMPINAS.;Filipe Marchesi;43509;9;0
"Art. 10 Fica declarada órgão de utilidade pública municipal a Associação Beneficente dos Amigos do Conjunto Residencial I.A.P.I., situada no município de Campinas, inscrita no Cadastro Nacional da Pessoa Jurídica CNPJ sob o número
14.566.472/0001-10.
Art. 2 0 Esta Lei entra em vigor na data da sua publicação.";DECLARA ÓRGÃO DE UTILIDADE PÚBLICA MUNICIPAL A ASSOCIAÇÃO BENEFICENTE DOS AMIGOS DO CONJUNTO RESIDENCIAL I.A.P.I.;Vinicius Gratti;43509;7;0
"Art. I Q Fica instituída, no município de Campinas, a implantação de sistema eletrônico de repasse de informações do banco de dados municipal para armazenar registros de vacinação no cartão do Sistema Unico de Saúde — SUS.
Art. 2 2 0 acesso aos registros de vacinação referidos no art. 1 2 será permitido aos funcionários do serviço de saúde e ao cidadão portador de carteira de vacinação. Art. 3 2 0 Poder Executivo regulamentará esta Lei no que couber.
Art. 4 2 Esta Lei entra em vigor na data de sua publicação.
Art. 5 2 Ficam revogadas as dis	ões em contrário.";INSTITUI, NO MUNICÍPIO DE CAMPINAS, O REPASSE DE INFORMAÇÕES DO BANCO DE DADOS MUNICIPAL PARA ARMAZENAMENTO DE REGISTROS DE VACINAÇÃO NO CARTÃO DO SISTEMA ÚNICO DE SAÚDE – SUS.;Professor Alberto;43514;6;0
ESTE  PROJETO DE LEI ORDINÁRIA PASSOU A TRAMITAR COMO PROJETO DE LEI COMPLEMENTAR N° 17/2020.;DISPÕE SOBRE A CRIAÇÃO DO BILHETE ÚNICO COM VALIDADE DE 30 DIAS, PARA PASSAGEIROS, ESPORÁDICOS, E DÁ OUTRAS PROVIDÊNCIAS.;Professor Alberto;43514;6;0
"Art. 1 2 Fica acrescido o S 5 2 ao art. 3 2 da Lei n? 6.355, de 26 de dezembro de 1990, que passa a vigorar com a seguinte redação:
""Art. 3 2 
 
S 5 2 Ficam isentos da taxa de lixo os terrenos não edificados."" (NR)
Art. 2 2 Fica suprimido o inciso III do art. 5 2 da Lei n? 6.355, de 1990.
Art. 3 2 Esta Lei entra em vigor na data de sua publicação.";"ACRESCENTA O §5º AO ART. 3º E SUPRIME O INCISO III, DO ART. 5º DA LEI Nº 6.355, DE 26 DE DEZEMBRO DE 1990, QUE ""DISPÕE SOBRE A TAXA DE COLETA, REMOÇÃO E DESTINAÇÃO DE LIXO"".";Tenente Santini;43516;5;1
"Art. 1 2 Fica instituído no município o Programa de Conscientização e Prevenção da Alienação Parental em Campinas, a ser realizado anualmente, de preferência no mês de abril.
Parágrafo único. O programa a que se refere o caput deste artigo passa a integrar o Calendário Oficial do Município de Campinas.
Art. 2 2 0 programa referido no art. 1 2 tem como objetivos:
I	- conscientizar os pais, os familiares e a comunidade sobre o importante tema da alienação parental,
II	- ampliar a discussão sobre a alienação parental com vistas à sua prevenção, buscando soluções para ela.
Art. 3 2 As despesas oriundas da execução desta Lei correrão por conta de dotações orçamentárias próprias.
Art. 42 Esta Lei entra em vigor na data de sua publicação.
Art. 5 2 Ficam revogadas as disposições em contrário";INSTITUI O PROGRAMA DE CONSCIENTIZAÇÃO E PREVENÇÃO DA ALIENAÇÃO PARENTAL EM CAMPINAS.;Luiz Cirilo;43516;12;0
"Art. I P Ficam obrigados os fornecedores, granjeiros e demais produtores de ovos a imprimir a data de validade de cada unidade de ovo em sua respectiva casca.
Art. 2 2 A tinta utilizada para impressão da data de validade deverá ser atóxica e ter seu uso liberado pelo Ministério da Agricultura.
Art. 3 2 Aquele que infringir a determinação desta Lei ficará sujeito a multa de 1.500 (mil e quinhentas) Unidades Fiscais de Campinas — UFICs.
Parágrafo único. No caso de reincidência, o valor da multa será o dobro do valor daquela anteriormente aplicada.
Art. 4 2 0 estabelecimento comercial de venda de ovos deverá informar ao consumidor, por meio de placa ou cartaz, que cada unidade de ovo tem demarcada sua data de validade de acordo com esta Lei.
Art. 5 2 Esta Lei entra em vigor na data de sua publicação.
Art. 6 2 Ficam revogadas as leis em contrário.";DISPÕE SOBRE A OBRIGATORIEDADE DE IMPRIMIR NAS CASCAS DOS OVOS SUA DATA DE VALIDADE.;Permínio Monteiro;43516;6;0
"Art. 1 2 Fica instituído no município de Campinas o mês Fevereiro Violeta, dedicado à realização de campanha pela erradicação do analfabetismo em Campinas.
Art. 2 2 No mês Fevereiro Violeta será realizada a busca ativa de pessoas que não tiveram a oportunidade de frequentar a sala de aula no tempo propício.
Art. 3 2 Esta Lei entra em vigor na data de sua publicação.";INSTITUI O MÊS FEVEREIRO VIOLETA, DEDICADO À REALIZAÇÃO DE CAMPANHA PELA ERRADICAÇÃO DO ANALFABETISMO EM CAMPINAS.;Carmo Luiz;43516;10;0
"Art. 1 0 Fica instituída no município de Campinas a obrigação dos estabelecimentos de serviços de saúde, público ou privado, oferecerem atendimento prioritário no que se refere a horários de exames laboratoriais aos portadores de diabetes.
Parágrafo Único - O munícipe interessado na obtenção do benefício que esta lei trata deverá informar e comprovar no ato da solicitação do exame a sua condição de diabético ao responsável pelo serviço, que determinará as providências cabíveis.
Art. 20 0 descumprimento desta lei sujeitará as instituições de saúde às seguintes penalidades: I — advertência, II - multa de R$ 5.000,00 (cinco mil reais), III - havendo reincidência, multa em dobro, R$ 10.000,00 (dez mil reais), IV  suspensão de alvará de funcionamento.
Art. 3 0 As despesas decorrentes da execução desta lei correrão por conta das dotações orçamentárias próprias, suplementadas se necessário.
Art. 40 Esta lei entrará em vigor após 30 (trinta dias) da data de sua publicação.";DISPÕE SOBRE A IMPLANTAÇÃO DO PROGRAMA DE ATENDIMENTO PRIORITÁRIO EM ESTABELECIMENTOS PÚBLICOS E PRIVADOS DE SAÚDE A PACIENTE DIABÉTICO NA REALIZAÇÃO DE EXAMES MÉDICOS E LABORATORIAIS.;Marcelo Silva;43521;7;0
"Art. 10 As organizações públicas e privadas, incluindo microempreendedores individuais, bem como as entidades da administração direta, autárquica e fundacional de Campinas ficam obrigadas a substituir o consumo de alimentos, incluindo copos e canudos de plásticos fornecidos a título oneroso ou gratuito, por produtos elaborados a partir de materiais biodegradáveis.
S 10 Para aplicação desta Lei, entende-se por materiais biodegradáveis aqueles materiais não oriundos de polímeros sintéticos fabricados à base de petróleo, elaborados a partir de matérias orgânicas como fibras naturais celulósicas, amidos de milho e mandioca, bagaço de cana, óleo de mamona, cana- de- açúcar, beterraba, ácido lático, milho e proteína de soja e outras fibras e materiais orgânicos.
S 20 Fica o Município de Campinas obrigada, a partir da vigência desta lei, exigir em seus novos editais de contratação.
Art. 20- A inobservância do disposto nesta Lei implicará ao infrator à seguintes penalidades:
l- multa, no valor de R$ 1.000,00 (um mil reais) a R$ a 5.000,00 (cinco mil reais), de acordo com o porte do estabelecimento, conforme critérios a serem definidos em regulamento próprio.
Il- em caso de reincidência, cumular-se-á a multa com suspensão das atividades.
SIO Em caso de nova reincidência, a multa será aplicada em dobro.
S20 os valores previstos no inciso I serão atualizados anualmente pelo índice oficial do Poder Executivo.
Art.30- Esta lei entrará em vigor na data de sua publicação";DISPÕE SOBRE A OBRIGATORIEDADE DOS ESTABELECIMENTOS COMERCIAIS UTILIZAREM CANUDO E COPO FABRICADOS COM PRODUTOS BIODEGRADÁVEIS NA FORMA QUE MENCIONA.;Paulo Haddad;43530;14;0
ESTE   PROJETO DE LEI ORDINÁRIA PASSOU A TRAMITAR COMO PROJETO DE LEI COMPLEMENTAR N° 30/2020.;DISPÕE SOBRE A OBRIGATORIEDADE DAS EMPRESAS DE TRANSPORTE MUNICIPAL DE PASSAGEIROS NO MUNICÍPIO DE CAMPINAS INSCREVEREM, NAS DUAS LATERAIS E NA PARTE DIANTEIRA EXTERNA DOS VEÍCULOS, O ANO DE FABRICAÇÃO DO VEÍCULO, E DÁ OUTRAS PROVIDÊNCIAS.;Carlão do PT;43530;11;0
"Art. I P As propagandas e ações de comunicação de atos, programas, obras, serviços e campanhas dos órgãos da Administração Pública direta e indireta no âmbito do Município de Campinas deverão ter caráter educativo, informativo ou de orientação social, somente podendo ser realizadas em casos de justificada relevância e incontroversa necessidade.
Parágrafo único, A realização das propagandas e ações de comunicação de que trata o caput deste artigo deverá ser sempre precedida de pormenorizada justificação do órgão solicitante da divulgação.
Art. 2 2 Em caso de necessidade de contratação, pela Administração Pública, de serviços de publicidade prestados por intermédio de agências de propaganda, o valor total de todas as contratações anuais não poderá exceder ao valor gasto no exercício imediatamente anterior corrigido pela variação do índice Nacional de Preços ao Consumidor Amplo — IPCA, publicado pelo Instituto Brasileiro de Geografia e Estatística — IBGE, ou outro índice que vier a substituí-lo.
Parágrafo único. Para as contratações previstas no caput deste artigo, o órgão da Administração Pública direta ou indireta, no âmbito do Município de Campinas, deverá observar o disposto no art. I P desta Lei.
Art. 3 2 Ficam subordinados ao disposto nesta Lei os órgãos do Poder Executivo e do Poder Legislativo, as autarquias, as fundações públicas, as empresas públicas, as sociedades de economia mista e as demais entidades controladas direta ou indiretamente pelo Município, assim como as pessoas da Administração Pública direta e indireta do Município de Campinas.
Art. 4 2 Esta Lei entra em vigor na data de sua publicação.";DISPÕE SOBRE A PUBLICIDADE DE ATOS, PROGRAMAS, OBRAS, SERVIÇOS E CAMPANHAS DOS ÓRGÃOS DA ADMINISTRAÇÃO PÚBLICA DIRETA E INDIRETA NO ÂMBITO DO MUNICÍPIO DE CAMPINAS.;Nelson Hossri;43530;1;1
"Art. 1 0 Fica denominado Praça Lya Thereza de Bugelli Avallone o Sistema de Lazer 02 .com área de 5.341 ,65m2) do loteamento Ville Sainte-Hélêne, localizado no distrito de Sousas, situado entre a Rua Ana Viana Silveira Franco (Rua 03), uma área de preservação permanente e a Área Institucional 1, todas no mesmo loteamento, e a divisa com o loteamento Parque das Araucárias.
Art. 2 0 Esta Lei entra em vigor na data de sua publicação.";DENOMINA PRAÇA LYA THEREZA DE BUGELLI AVALLONE UM SISTEMA DE LAZER DO MUNICÍPIO DE CAMPINAS.;Fernando Mendes;43530;9;0
"Art. 10 Fica assegurada a prioridade de matrícula nos estabelecimentos de ensino da rede pública municipal de mulheres em situação de violência doméstica e familiar, bem como seus (suas) filhos (as) e demais dependentes legais, nos termos da Lei Federal n o 11.340, de 7 de agosto de 2006, e que mudaram de domicílio, a fim de garantir-lhes condições de recomeço da vida social educacional.
SIO Para comprovação da condição abrangida por esta Lei e efetivação da matrícula ou transferência, deverão ser apresentados um dos seguintes documentos:
I	- termo de encaminhamento de unidade da rede municipal, estadual ou federal de proteção e atendimento às mulheres em situação de violência doméstica e familiar,
II	— termo de encaminhamento de Organização Não Governamental — ONG ligada à defesa e proteção dos direitos das mulheres,
III	- cópia do Boletim de Ocorrência que formalizou a denúncia de violência doméstica e familiar, emitido preferencialmente pela Delegacia Especializada de Atendimento à Mulher,
920 Havendo necessidade de mudança de endereço da mãe com o objetivo de garantir a segurança da família, fica assegurada a transferência da criança para outra unidade de ensino.
Art. 20 Art. 20 . Esta Lei entra em vigor na data da sua publicação, tornando-se revogadas todas as disposições existentes em contrário.";ESTABELECE PRIORIDADE DE MATRÍCULA NOS ESTABELECIMENTOS DE ENSINO DA REDE PÚBLICA NO MUNICÍPIO DE CAMPINAS PARA MULHERES VÍTIMAS DE VIOLÊNCIA DOMÉSTICA E FAMILIAR, BEM COMO SEUS FILHOS E FILHAS.;Carlão do PT;43530;7;0
ESTE  PROJETO DE LEI ORDINÁRIA PASSOU A TRAMITAR COMO PROJETO DE LEI COMPLEMENTAR N° 14/2020;DISPÕE SOBRE O COMPARTILHAMENTO DE BICICLETAS EM VIAS E LOGRADOUROS PÚBLICOS NO MUNICÍPIO DE CAMPINAS E DÁ OUTRAS PROVIDÊNCIAS.;Marcelo Silva;43530;4;1
"Art. 1 0 Fica denominado Rua Margarida Occiena a Rua 01 do Núcleo Residencial Vila Vitoria
Art. 2 0 Esta Lei entra em vigor na data de sua publicação.";DENOMINA RUA MARGARIDA OCCHIENA UMA VIA PÚBLICA DO MUNICÍPIO DE CAMPINAS.;Vinicius Gratti;43530;9;0
